{
    "$schema": "https://schema.management.azure.com/schemas/2015-01-01/deploymentParameters.json#",
    "contentVersion": "1.0.0.0",
    "parameters": {
        "databaseAccounts_virtualassitantdemo_locations": {
            "value": null
        },
        "sites_irtualssitant8tij_name": {
            "value": null
        },
        "serverfarms_VirtualAssitantDemo_name": {
            "value": null
        },
        "storageAccounts_irtualssl49b_name": {
            "value": null
        },
        "sites_VirtualAssitantDemo_qnahost_name": {
            "value": null
        },
        "config_web_name": {
            "value": null
        },
        "components_VirtualAssitantDemoty4k45_name": {
            "value": null
        },
        "databaseAccounts_virtualassitantdemo_name": {
            "value": null
        },
        "searchServices_virtualassitantdemo_search_name": {
            "value": null
        },
        "config_web_name_1": {
            "value": null
        },
        "accounts_VirtualAssitantDemo_LUIS_name": {
            "value": null
        },
        "accounts_VirtualAssitantDemo_QnAMaker_name": {
            "value": null
        },
        "alertrules_Failure_Anomalies___VirtualAssitantDemoty4k45_name": {
            "value": null
        },
        "hostNameBindings_irtualssitant8tij.azurewebsites.net_name": {
            "value": null
        },
        "hostNameBindings_virtualassitantdemo_qnahost.azurewebsites.net_name": {
            "value": null
        }
    }
}